file_stem,bronze_chars,after_fp_chars,after_bp_chars,bp_pct_removed,sections_stripped,stripped_headers,total_issues,content_preservation,strip_completeness,structural_coherence,metadata_accuracy,findings_detail
202541_ISEN_620_601_52745,22582,22494,11147,50.6,14,"College of Engineering Industrial and Systems Engineering; Technology Support; University Policies; University Attendance Policy; Makeup Work Policy; Academic Integrity Statement and Policy; Notice of Nondiscrimination; Civil Rights, Free Speech, and Title IX Policies; Americans with Disabilities Act (ADA) Policy; Pregnancy Accommodations; Statement on Mental Health and Wellness; Statement on the Family Educational Rights and Privacy Act (FERPA); Free Speech and Civil Discourse",4,0,1,3,0,"[strip] Section 'Late Work Policy' is boilerplate and should be removed | [struc] The 'Credit Hours' field is duplicated under 'Course Information'. | [struc] The 'Course Schedule' section, which should be a table, has lost its tabular structure and is presented as plain text. | [struc] The footnote '1 An academic hour is 50 minutes.' is orphaned and incorrectly placed after the 'Communication' section, but refers to the 'Expected Time Commitment' section."
202541_ISEN_620_700_14035,22763,22684,11373,50.0,13,"College of Engineering Industrial and Systems Engineering; Technology Support; University Policies; University Attendance Policy; Makeup Work Policy; Academic Integrity Statement and Policy; Notice of Nondiscrimination; Civil Rights, Free Speech, and Title IX Policies; Americans with Disabilities Act (ADA) Policy; Pregnancy Accommodations; Statement on Mental Health and Wellness; Statement on the Family Educational Rights and Privacy Act (FERPA); Free Speech and Civil Discourse",2,0,0,2,0,"[struc] The 'Course Schedule' section is not formatted as a markdown table, making its tabular data difficult to parse. | [struc] Footnote '1 An academic hour is 50 minutes.' is misplaced under the 'Communication' section, but refers to the 'Expected Time Commitment' section."
202541_ISEN_660_600_63233,15157,15108,3783,75.0,13,"College of Engineering Industrial and Systems Engineering; Technology Support; University Policies; University Attendance Policy; Makeup Work Policy; Academic Integrity Statement and Policy; Notice of Nondiscrimination; Civil Rights, Free Speech, and Title IX Policies; Americans with Disabilities Act (ADA) Policy; Pregnancy Accommodations; Statement on Mental Health and Wellness; Statement on the Family Educational Rights and Privacy Act (FERPA); Free Speech and Civil Discourse",3,0,0,3,0,"[struc] The header 'Textbook and/or Resource Materials' is present but has no content directly following it, making it an orphaned header. | [struc] The textbook details (ISBN, Authors, Publisher, Publication Date) are incorrectly placed under the 'Course Schedule' section instead of under 'Textbook and/or Resource Materials'. | [struc] The 'Course Schedule' content, which appears to be tabular data (Week, Unit/Topic, Readings), is not formatted as a table but as a series of plain text lines, indicating a broken table structure."
202541_ISEN_660_700_63232,17123,17074,5754,66.4,14,"College of Engineering; Industrial and Systems Engineering; Technology Support; University Policies; University Attendance Policy; Makeup Work Policy; Academic Integrity Statement and Policy; Notice of Nondiscrimination; Civil Rights, Free Speech, and Title IX Policies; Americans with Disabilities Act (ADA) Policy; Pregnancy Accommodations; Statement on Mental Health and Wellness; Statement on the Family Educational Rights and Privacy Act (FERPA); Free Speech and Civil Discourse",3,0,0,2,1,"[struc] The content for 'Textbook and/or Resource Materials' is located between 'Course Specific Late Work Policy' and 'Course Schedule', rather than directly under its designated header. | [struc] The header '## Textbook and/or Resource Materials' is immediately followed by '## Grading Policy' without its corresponding content, making it an empty or orphaned header. | [metad] Instructor phone number is 'TBD', indicating it's missing or incomplete."
202611_ISEN_616_600_39775,17699,17663,5356,69.7,15,"College of Engineering; Industrial and Systems Engineering; AI Statement; Technology Support; University Policies; Academic Integrity Statement and Policy; University Attendance Policy; Makeup Work Policy; Notice of Nondiscrimination; Civil Rights, Free Speech, and Title IX Policies; Americans with Disabilities Act (ADA) Policy; Pregnancy Accommodations; Statement on Mental Health and Wellness; Statement on the Family Educational Rights and Privacy Act (FERPA); Free Speech and Civil Discourse",4,1,0,3,0,"[conte] The clear mapping between the generic 'Topic X' entries in the weekly schedule (e.g., 'Week 1 Topic 1') and the detailed topic descriptions (e.g., '1. Basic principles and introduction to regression analysis') is lost or unclear due to fragmented and inconsistently headed topic lists. | [struc] The heading '## Course Schedule' is empty and immediately followed by '## Course Contents/Topics'. | [struc] Detailed topic descriptions are inconsistently headed and fragmented: '# 4. Factorial experiments...' and '# 5. Fractional factorial experiments...' are H1s, while '## 6. Orthogonal arrays', '## 7. Introduction to fractional factorial experiments at three levels', '## 8. Variation reduction...' are H2s, and '### 1. Basic principles...', '### 2. Experiments...', '### 3. Experiments with more than one factor...' are H3s, appearing out of sequence. | [struc] The 'Course Contents/Topics' section is poorly structured, with detailed topic descriptions (1-8) appearing in multiple locations and with inconsistent heading levels, making it difficult to follow the intended course content flow."
202611_ISEN_616_700_39910,17614,17578,5269,70.1,15,"College of Engineering; Industrial and Systems Engineering; AI Statement; Technology Support; University Policies; Academic Integrity Statement and Policy; University Attendance Policy; Makeup Work Policy; Notice of Nondiscrimination; Civil Rights, Free Speech, and Title IX Policies; Americans with Disabilities Act (ADA) Policy; Pregnancy Accommodations; Statement on Mental Health and Wellness; Statement on the Family Educational Rights and Privacy Act (FERPA); Free Speech and Civil Discourse",7,0,0,4,3,"[struc] Inconsistent heading levels for course topics: Topics 4 and 5 are H1, Topics 6-8 are H2, and Topics 1-3 are H3. | [struc] Course topics are listed out of numerical order (topics 4-8 appear before topics 1-3). | [struc] Redundant header '### Course Schedule' appears within the main '## Course Schedule' section. | [struc] The '## Course Contents/Topics' header is at the same level as '## Course Schedule', suggesting a structural issue where it should be a sub-section or merged. | [metad] Meeting Days field is empty. | [metad] Start Time field is 'N/A'. | [metad] End Time field is 'N/A'."
202611_ISEN_617_600_38490,14459,14411,3072,78.8,14,"College of Engineering; Industrial and Systems Engineering; Technology Support; University Policies; Academic Integrity Statement and Policy; University Attendance Policy; Makeup Work Policy; Notice of Nondiscrimination; Civil Rights, Free Speech, and Title IX Policies; Americans with Disabilities Act (ADA) Policy; Pregnancy Accommodations; Statement on Mental Health and Wellness; Statement on the Family Educational Rights and Privacy Act (FERPA); Free Speech and Civil Discourse",1,0,0,1,0,"[struc] The 'Course Outline' under 'Course Schedule' is not formatted as a table, and the sub-header '### Course Outline:' is repeated mid-list, breaking the flow of topics and chapters."
202611_ISEN_617_700_48204,14490,14442,3103,78.6,14,"College of Engineering; Industrial and Systems Engineering; Technology Support; University Policies; Academic Integrity Statement and Policy; University Attendance Policy; Makeup Work Policy; Notice of Nondiscrimination; Civil Rights, Free Speech, and Title IX Policies; Americans with Disabilities Act (ADA) Policy; Pregnancy Accommodations; Statement on Mental Health and Wellness; Statement on the Family Educational Rights and Privacy Act (FERPA); Free Speech and Civil Discourse",2,0,0,2,0,"[struc] The header 'Course Outline:' is duplicated within the 'Course Schedule' section. | [struc] The 'Course Schedule' content, intended to be a two-column table (Topic, Chapter(s)), is presented as a flat list, indicating a broken table structure."
202611_ISEN_620_600_59274,16033,15981,4648,71.0,14,"College of Engineering; Industrial and Systems Engineering; Technology Support; University Policies; Academic Integrity Statement and Policy; University Attendance Policy; Makeup Work Policy; Notice of Nondiscrimination; Civil Rights, Free Speech, and Title IX Policies; Americans with Disabilities Act (ADA) Policy; Pregnancy Accommodations; Statement on Mental Health and Wellness; Statement on the Family Educational Rights and Privacy Act (FERPA); Free Speech and Civil Discourse",2,0,0,2,0,[struc] The 'Grade Decomposition' section contains data that appears to be a table but is not formatted as a markdown table. | [struc] The 'Letter Grade Cutoffs' section contains data that appears to be a table but is not formatted as a markdown table.
202611_ISEN_625_600_55586,21204,21130,9690,54.3,16,"College of Engineering; Industrial and Systems Engineering; Technology Support; Technology Services (IT) - Main Campus; Canvas LMS Technical Support; University Policies; Academic Integrity Statement and Policy; University Attendance Policy; Makeup Work Policy; Notice of Nondiscrimination; Civil Rights, Free Speech, and Title IX Policies; Americans with Disabilities Act (ADA) Policy; Pregnancy Accommodations; Statement on Mental Health and Wellness; Statement on the Family Educational Rights and Privacy Act (FERPA); Free Speech and Civil Discourse",3,0,0,3,0,"[struc] The 'Course Schedule' section is formatted as plain text with spaces, not a proper markdown table, making its structure ambiguous and difficult to parse. | [struc] The heading '# 1. Local Installation' is an orphaned H1 header, breaking the document's heading hierarchy by appearing after an H2 header ('## Additional Course Information'). | [struc] The heading '## 2. Remote Server' is an H2 header that appears to be a sub-section of the orphaned H1 header, further indicating a broken heading hierarchy."
202611_ISEN_631_600_59189,24742,24672,12767,48.4,15,"College of Engineering; Industrial and Systems Engineering; AI Statement; Technology Support; University Policies; Academic Integrity Statement and Policy; University Attendance Policy; Makeup Work Policy; Notice of Nondiscrimination; Civil Rights, Free Speech, and Title IX Policies; Americans with Disabilities Act (ADA) Policy; Pregnancy Accommodations; Statement on Mental Health and Wellness; Statement on the Family Educational Rights and Privacy Act (FERPA); Free Speech and Civil Discourse",9,1,0,8,0,"[conte] The `## Re-grading Policy` section is less detailed than the `### Re-grading Policy :` section found later in the document, suggesting content was lost or is inconsistent between the two. | [struc] The text ""Credit Hours: 3"" appears twice consecutively under the ""Course Information"" section. | [struc] Under the ""Reading Responses"" section, the sub-points ""A. An insightful question..."", ""B. A comment..."", and ""1. Summary of the reading..."" are incorrectly formatted as H1 and H2 headings (`# A.`, `## B.`, `# 1.`) instead of being bullet points or lower-level headings. | [struc] The ""Discussion Board"" section is an H2 (`## Discussion Board:`), but it logically belongs as an H3 under ""Grading Policy"". | [struc] The ""Exams"" section is an H2 (`## Exams`), but it logically belongs as an H3 under ""Grading Policy"". | [struc] The ""Semester Project"" section is an H2 (`## Semester Project :`), but it logically belongs as an H3 under ""Grading Policy"". | [struc] There are two ""Re-grading Policy"" sections: one as `## Re-grading Policy` and another as `### Re-grading Policy :` under ""Additional Course Information"". These should be consolidated into a single, consistent section. | [struc] There are two ""Late Work Policy"" sections: `## Late Work Policy` and `## Course Specific Late Work Policy`. These should be combined or nested to form a single, coherent policy. | [struc] The header `### Schedule of Topics` immediately follows the text `Schedule of Topics` under `## Course Schedule`, creating a redundant heading."
202611_ISEN_631_700_60220,24742,24672,12767,48.4,15,"College of Engineering; Industrial and Systems Engineering; AI Statement; Technology Support; University Policies; Academic Integrity Statement and Policy; University Attendance Policy; Makeup Work Policy; Notice of Nondiscrimination; Civil Rights, Free Speech, and Title IX Policies; Americans with Disabilities Act (ADA) Policy; Pregnancy Accommodations; Statement on Mental Health and Wellness; Statement on the Family Educational Rights and Privacy Act (FERPA); Free Speech and Civil Discourse",6,0,0,6,0,"[struc] The entry 'Credit Hours: 3' is duplicated under the 'Course Information' section. | [struc] The items 'A. An insightful question...', 'B. A comment...', and '1. Summary of the reading...' within the 'Reading Responses' section are incorrectly formatted as top-level or second-level headings (H1/H2) instead of list items or lower-level subheadings. | [struc] Heading levels are inconsistent: 'Reading Responses:' is an H3 heading, while 'Discussion Board:', 'Exams', 'Semester Project :', 'Re-grading Policy', 'Late Work Policy', and 'Course Specific Late Work Policy' are H2 headings, despite all appearing as sub-sections of 'Grading Policy'. They should all be at the same hierarchical level (e.g., H3). | [struc] The plain text 'Schedule of Topics' appears redundantly directly above the '### Schedule of Topics' header. | [struc] The 'Course Schedule' content is not formatted as a table, making the weekly breakdown difficult to read and parse. | [struc] The entire 'Re-grading Policy' section is duplicated, appearing once under 'Grading Policy' and again under 'Additional Course Information'."
202611_ISEN_632_600_59850,30484,30325,16874,44.6,14,"College of Engineering; Industrial and Systems Engineering; AI Statement; Technology Support; University Policies; Academic Integrity Statement and Policy; University Attendance Policy; Makeup Work Policy; Notice of Nondiscrimination; Civil Rights, Free Speech, and Title IX Policies; Americans with Disabilities Act (ADA) Policy; Pregnancy Accommodations; Statement on Mental Health and Wellness; Statement on the Family Educational Rights and Privacy Act (FERPA)",6,1,0,4,1,"[conte] URL for 'Space Safety and Human Performance' is missing. | [struc] The text 'Biography' is incorrectly appended to the 'Webpage' header, instead of being its own heading. | [struc] Redundant header 'Grading Policy' immediately following the main 'Grading Policy' header. | [struc] A resource URL (https://research.ebsco.com/c/ybus2u/...) is incorrectly placed under the 'Lecture Activities' section within 'Grading Policy'. | [struc] The 'Detailed course schedule' table has a repeated header row 'Date | Lecture | Subject | Assignments' mid-table, indicating a broken table structure. | [metad] URL for 'Human Factors in Aviation and Aerospace' contains a space, making it malformed."
202611_ISEN_632_700_59783,32240,32099,18671,42.1,14,"College of Engineering; Industrial and Systems Engineering; AI Statement; Technology Support; University Policies; Academic Integrity Statement and Policy; University Attendance Policy; Makeup Work Policy; Notice of Nondiscrimination; Civil Rights, Free Speech, and Title IX Policies; Americans with Disabilities Act (ADA) Policy; Pregnancy Accommodations; Statement on Mental Health and Wellness; Statement on the Family Educational Rights and Privacy Act (FERPA)",4,1,0,2,1,"[conte] Appendix A, which is referenced in the 'Course Schedule' section for a detailed course schedule, is missing. | [struc] Header 'Webpage: https://safe.engr.tamu.edu Biography' is malformed; 'Webpage' and 'Biography' should be separate fields or sections. | [struc] Redundant header '### Grading Policy' directly under '## Grading Policy'. | [metad] Meeting Days is missing under 'Course Information'."
202611_ISEN_637_600_59851,14395,14373,2943,79.6,15,"College of Engineering; Industrial and Systems Engineering; AI Statement; Technology Support; University Policies; Academic Integrity Statement and Policy; University Attendance Policy; Makeup Work Policy; Notice of Nondiscrimination; Civil Rights, Free Speech, and Title IX Policies; Americans with Disabilities Act (ADA) Policy; Pregnancy Accommodations; Statement on Mental Health and Wellness; Statement on the Family Educational Rights and Privacy Act (FERPA); Free Speech and Civil Discourse",2,0,0,1,1,"[struc] The 'Course Schedule' section uses level 3 headers ('###') for 'Week Topic' and each individual week's entry, instead of a list or table format, making it structurally incoherent. | [metad] The 'Biography' field under 'Instructor Details' contains a URL ('agarcia.engr.tamu.edu') instead of a biographical description."
202611_ISEN_641_600_59191,21745,21688,21682,0.3,2,College of Engineering; Industrial and Systems Engineering,22,1,11,10,0,"[conte] Course Schedule table content is missing or malformed for weeks 5-14, with 'See Lecture Slides' appearing without corresponding week/topic, and table rows incorrectly converted to headers. | [strip] Section 'University Policies' is boilerplate and should be removed. | [strip] Section 'Academic Integrity Statement and Policy' is boilerplate and should be removed. | [strip] Section 'University Attendance Policy' is boilerplate and should be removed. | [strip] Section 'Makeup Work Policy' is boilerplate and should be removed. | [strip] Section 'Notice of Nondiscrimination' is boilerplate and should be removed. | [strip] Section 'Civil Rights, Free Speech, and Title IX Policies' is boilerplate and should be removed. | [strip] Section 'Americans with Disabilities Act (ADA) Policy' is boilerplate and should be removed. | [strip] Section 'Pregnancy Accommodations' is boilerplate and should be removed. | [strip] Section 'Statement on Mental Health and Wellness' is boilerplate and should be removed. | [strip] Section 'Statement on the Family Educational Rights and Privacy Act (FERPA)' is boilerplate and should be removed. | [strip] Section 'Free Speech and Civil Discourse' is boilerplate and should be removed. | [struc] Orphaned text 'course details' found under 'Additional Course Details' header. | [struc] Inconsistent heading levels in 'Course Learning Outcomes': '2. for structuring the approach to systems development' is `#` level, should be `###`. | [struc] Inconsistent heading levels in 'Course Learning Outcomes': '3. Familiarization with basic architecting and analysis methods:' is `##` level, should be `###`. | [struc] Inconsistent heading levels in 'Course Learning Outcomes': sub-items 'a.' through 'h.' under '3.' are `##` or `#` level, should be `####`. | [struc] Inconsistent heading levels in 'Course Learning Outcomes': '4. Familiarization with documentation for system development life cycle artifacts' is `#` level, should be `###`. | [struc] Orphaned text 'Grading policy grading policy' found under 'Grading Policy' header. | [struc] Duplicate header '#### Grading Scale' found under 'Grading Policy'. | [struc] Orphaned text 'Topical outline schedule continuation' found under 'Course Schedule' header. | [struc] Course Schedule table is broken: table rows for weeks 5-14 are incorrectly rendered as headers with inconsistent levels (e.g., '### 5 Information Architecture Practice', '## 13 Ontology Architecture History, Theory, Method & Practice', '# 14 Factor Trees, Causal Loops & Systems Dynamics Simulation'). | [struc] Orphaned text 'See Lecture Slides' at the very end of the document, likely from a broken table."
202611_ISEN_641_701_39206,21737,21680,21674,0.3,2,College of Engineering; Industrial and Systems Engineering,22,1,11,9,1,"[conte] Course Schedule table has a block of 'See Lecture Slides' without corresponding week/topic, indicating missing content or malformed data. | [strip] Section 'University Policies' is boilerplate and should be removed. | [strip] Section 'Academic Integrity Statement and Policy' is boilerplate and should be removed. | [strip] Section 'University Attendance Policy' is boilerplate and should be removed. | [strip] Section 'Makeup Work Policy' is boilerplate and should be removed. | [strip] Section 'Notice of Nondiscrimination' is boilerplate and should be removed. | [strip] Section 'Civil Rights, Free Speech, and Title IX Policies' is boilerplate and should be removed. | [strip] Section 'Americans with Disabilities Act (ADA) Policy' is boilerplate and should be removed. | [strip] Section 'Pregnancy Accommodations' is boilerplate and should be removed. | [strip] Section 'Statement on Mental Health and Wellness' is boilerplate and should be removed. | [strip] Section 'Statement on the Family Educational Rights and Privacy Act (FERPA)' is boilerplate and should be removed. | [strip] Section 'Free Speech and Civil Discourse' is boilerplate and should be removed. | [struc] The 'Meeting Days:' field under 'Course Information' is present but has no value. | [struc] The text 'course details' under 'Additional Course Details' appears to be a placeholder or artifact. | [struc] In 'Course Learning Outcomes', heading levels are inconsistent and text is malformed: '# 2. for structuring the approach to systems development' should be a sub-point of 'Mastery of 'framework' of methods' and at a lower heading level. | [struc] In 'Course Learning Outcomes', heading levels are inconsistent: '## 3. Familiarization with basic architecting and analysis methods:' should be H3, and its sub-points (e.g., '## a. Symptom collection and diagnosis') should be H4 or list items. | [struc] In 'Course Learning Outcomes', heading levels are inconsistent: '# h. Simulation based architecture evaluation and performance assessment' should be H4 or a list item. | [struc] In 'Course Learning Outcomes', heading levels are inconsistent: '# 4. Familiarization with documentation for system development life cycle artifacts' should be H3. | [struc] The text 'Grading policy grading policy' under 'Grading Policy' is redundant. | [struc] The header '#### Grading Scale' is duplicated under 'Grading Policy'. | [struc] The 'Course Schedule' section is malformed: content that should be table rows (e.g., '5 Information Architecture Practice', '7 Mid Term Take Home Exam Distributed to Students', '14 Factor Trees, Causal Loops & Systems Dynamics Simulation') are incorrectly formatted as headers of various levels (H1, H2, H3). | [metad] Meeting Days field is missing a value."
202611_ISEN_665_600_59566,24446,24384,12879,47.3,12,College of Engineering; Industrial and Systems Engineering; Technology support; AI Statement; Technology Support; Technology Services (IT) - Main Campus; Canvas LMS Technical Support; University Policies; Academic Integrity Statement and Policy; University Attendance Policy; Makeup Work Policy; Notice of Nondiscrimination,5,1,0,4,0,"[conte] A detailed course schedule (e.g., weekly topics, readings, assignments, or key dates) is missing from the 'Course Schedule' section. | [struc] Learning outcomes (1-9) are incorrectly formatted as top-level headers ('#') instead of numbered list items or sub-headers. | [struc] The line '2MAY . Grades for graduating students are due by 6MAY.' appears orphaned and lacks proper context or a clear heading. | [struc] The heading '## Leveraging AI technology as a resource' is a level 2 heading directly under another level 2 heading ('## Additional Course Information'), indicating an inconsistent heading hierarchy. It should likely be a level 3 heading (###). | [struc] The numbered steps (1-6) under 'Leveraging AI technology as a resource' are incorrectly formatted as level 3 headers ('###') instead of numbered list items."
202611_ISEN_665_700_59602,24629,24567,13062,47.0,12,College of Engineering; Industrial and Systems Engineering; Technology support; AI Statement; Technology Support; Technology Services (IT) - Main Campus; Canvas LMS Technical Support; University Policies; Academic Integrity Statement and Policy; University Attendance Policy; Makeup Work Policy; Notice of Nondiscrimination,1,1,0,0,0,"[conte] Detailed weekly course schedule (topics, readings, assignments per week) is missing from the 'Course Schedule' section."
202611_ISEN_681_600_15399,13002,12984,1647,87.3,14,"College of Engineering; Industrial and Systems Engineering; Technology Support; University Policies; Academic Integrity Statement and Policy; University Attendance Policy; Makeup Work Policy; Notice of Nondiscrimination; Civil Rights, Free Speech, and Title IX Policies; Americans with Disabilities Act (ADA) Policy; Pregnancy Accommodations; Statement on Mental Health and Wellness; Statement on the Family Educational Rights and Privacy Act (FERPA); Free Speech and Civil Discourse",2,1,0,1,0,"[conte] The detailed weekly course schedule, including speaker assignments mentioned in the 'Course Schedule' section, is missing. | [struc] The 'Textbook and/or Resource Materials' section contains contradictory information: 'This material Is: Required No materials are required.'"
202611_ISEN_684_653_22306,12770,12748,1314,89.7,14,"College of Engineering; Industrial and Systems Engineering; Technology Support; University Policies; Academic Integrity Statement and Policy; University Attendance Policy; Makeup Work Policy; Notice of Nondiscrimination; Civil Rights, Free Speech, and Title IX Policies; Americans with Disabilities Act (ADA) Policy; Pregnancy Accommodations; Statement on Mental Health and Wellness; Statement on the Family Educational Rights and Privacy Act (FERPA); Free Speech and Civil Discourse",3,1,0,2,0,[conte] The actual learning outcomes are missing from the 'Course Learning Outcomes' section. | [struc] The 'Credit Hours' field is duplicated under 'Course Information'. | [struc] The 'Textbook and/or Resource Materials' section contains redundant statements ('This material Is: No required textbook' and 'No textbook needed').
202611_ISEN_691_609_18200,15860,15829,4558,71.3,14,"College of Engineering; Industrial and Systems Engineering; Technology Support; University Policies; Academic Integrity Statement and Policy; University Attendance Policy; Makeup Work Policy; Notice of Nondiscrimination; Civil Rights, Free Speech, and Title IX Policies; Americans with Disabilities Act (ADA) Policy; Pregnancy Accommodations; Statement on Mental Health and Wellness; Statement on the Family Educational Rights and Privacy Act (FERPA); Free Speech and Civil Discourse",3,0,0,3,0,"[struc] The items under '### Expected Outcomes/Deliverables' are incorrectly formatted as level 1 headers ('# 1.', '# 2.', '# 3.') instead of list items or lower-level headers. | [struc] The sections '## Grading Appeals:' and '## Late Work Policy' are incorrectly formatted as level 2 headers, creating an improper hierarchy within the '## Grading Policy' section. They should be level 3 headers (e.g., '### Grading Appeals:'). | [struc] The 'schedule of topics' under '### schedule of topics' is presented as plain text and not formatted as a markdown table, making its structure ambiguous."
202611_ISEN_691_612_37203,12696,12674,1337,89.5,14,"College of Engineering; Industrial and Systems Engineering; Technology Support; University Policies; Academic Integrity Statement and Policy; University Attendance Policy; Makeup Work Policy; Notice of Nondiscrimination; Civil Rights, Free Speech, and Title IX Policies; Americans with Disabilities Act (ADA) Policy; Pregnancy Accommodations; Statement on Mental Health and Wellness; Statement on the Family Educational Rights and Privacy Act (FERPA); Free Speech and Civil Discourse",6,1,0,5,0,[conte] Course Learning Outcomes list is missing after the introductory sentence | [struc] Credit Hours information is duplicated under 'Course Information' | [struc] Redundant phrases 'No required textbook' and 'No Textbook Needed.' appear consecutively under 'Textbook and/or Resource Materials' | [struc] Vague sentence 'Description of items in the grading.' appears before the actual grading policy details | [struc] Duplicate '### Grading Policy' sub-headers | [struc] Grading components list uses double hyphens ('- -') instead of single hyphens for list items
202611_ISEN_691_633_49068,15860,15829,4558,71.3,14,"College of Engineering; Industrial and Systems Engineering; Technology Support; University Policies; Academic Integrity Statement and Policy; University Attendance Policy; Makeup Work Policy; Notice of Nondiscrimination; Civil Rights, Free Speech, and Title IX Policies; Americans with Disabilities Act (ADA) Policy; Pregnancy Accommodations; Statement on Mental Health and Wellness; Statement on the Family Educational Rights and Privacy Act (FERPA); Free Speech and Civil Discourse",3,0,0,3,0,"[struc] Duplicate header '### Grading Policy' immediately follows '## Grading Policy'. | [struc] Deliverables listed under 'Expected Outcomes/Deliverables' are formatted as H1 headings ('# 1. Midterm deliverable', '# 2. Final Deliverable', '# 3. Attend weekly meetings') instead of list items. | [struc] The 'schedule of topics' under 'Course Schedule' is presented as two columns (Week, Tasks) but is not formatted as a markdown table."
202641_ISEN_609_600_54141,17554,17451,4406,74.9,15,"College of Engineering; Industrial and Systems Engineering; AI Statement; Technology Support; University Policies; Academic Integrity Statement and Policy; University Attendance Policy; Makeup Work Policy; Notice of Nondiscrimination; Civil Rights, Free Speech, and Title IX Policies; Americans with Disabilities Act (ADA) Policy; Pregnancy Accommodations; Statement on Mental Health and Wellness; Statement on the Family Educational Rights and Privacy Act (FERPA); Free Speech and Civil Discourse",1,0,0,1,0,[struc] The textbook entry for 'A First Course in Probability' is misplaced; it appears between the 'Course Specific Late Work Policy' and 'Course Schedule' sections instead of under 'Textbook and/or Resource Materials'.
202641_ISEN_613_601_34731,14745,14697,3358,77.2,14,"College of Engineering; Industrial and Systems Engineering; Technology Support; University Policies; Academic Integrity Statement and Policy; University Attendance Policy; Makeup Work Policy; Notice of Nondiscrimination; Civil Rights, Free Speech, and Title IX Policies; Americans with Disabilities Act (ADA) Policy; Pregnancy Accommodations; Statement on Mental Health and Wellness; Statement on the Family Educational Rights and Privacy Act (FERPA); Free Speech and Civil Discourse",3,1,0,2,0,"[conte] Content for Week 15 (Topics and Required Reading) in the Course Schedule is missing. | [struc] Duplicate header: '### Course Schedule' immediately follows '## Course Schedule'. | [struc] The Course Schedule is split into two sections, with the headers 'Week Topics Required Reading' repeated, indicating a broken table structure."
202641_ISEN_613_700_66404,14739,14691,3352,77.3,14,"College of Engineering; Industrial and Systems Engineering; Technology Support; University Policies; Academic Integrity Statement and Policy; University Attendance Policy; Makeup Work Policy; Notice of Nondiscrimination; Civil Rights, Free Speech, and Title IX Policies; Americans with Disabilities Act (ADA) Policy; Pregnancy Accommodations; Statement on Mental Health and Wellness; Statement on the Family Educational Rights and Privacy Act (FERPA); Free Speech and Civil Discourse",4,1,0,2,1,"[conte] Course Schedule table appears incomplete, ending abruptly at Week 15 with no content, and likely missing content for subsequent weeks/final exams. | [struc] Duplicate header '### Course Schedule' immediately following '## Course Schedule'. | [struc] Course Schedule table header 'Week Topics Required Reading' is repeated after Week 10, breaking the table structure. | [metad] Meeting Days field is missing a value."
202641_ISEN_614_600_65054,17200,17169,5656,67.1,15,"College of Engineering; Industrial and Systems Engineering; AI Statement; Technology Support; University Policies; Academic Integrity Statement and Policy; University Attendance Policy; Makeup Work Policy; Notice of Nondiscrimination; Civil Rights, Free Speech, and Title IX Policies; Americans with Disabilities Act (ADA) Policy; Pregnancy Accommodations; Statement on Mental Health and Wellness; Statement on the Family Educational Rights and Privacy Act (FERPA); Free Speech and Civil Discourse",4,0,0,3,1,"[struc] Orphaned header `# 3. Knowledge on hypothesis test and linear regression (STAT212, ISEN 350, or equivalent).` under 'Course Prerequisites' is incorrectly formatted as a top-level header and appears to be an incomplete list item. | [struc] The sections 'Late Work Policy' and 'Course Specific Late Work Policy' are identical and immediately follow each other, indicating redundancy. | [struc] The 'Weekly Schedule' under 'Course Schedule' is presented as plain text with two columns ('Weeks' and 'Topic') but is not formatted as a markdown table, hindering programmatic parsing. | [metad] Instructor name is missing."
202641_ISEN_614_700_66484,16825,16773,5254,68.8,15,"College of Engineering; Industrial and Systems Engineering; AI Statement; Technology Support; University Policies; Academic Integrity Statement and Policy; University Attendance Policy; Makeup Work Policy; Notice of Nondiscrimination; Civil Rights, Free Speech, and Title IX Policies; Americans with Disabilities Act (ADA) Policy; Pregnancy Accommodations; Statement on Mental Health and Wellness; Statement on the Family Educational Rights and Privacy Act (FERPA); Free Speech and Civil Discourse",7,3,0,3,1,"[conte] The sentence 'Basically, following knowledge is necessary' in 'Course Prerequisites' is incomplete, suggesting missing content. | [conte] Items 1 and 2 of the prerequisite knowledge list are missing, as the list starts with '3. Knowledge on hypothesis test...' | [conte] The specific week or date for 'Project Due' is missing from the 'Course Schedule' table. | [struc] The list of prerequisite knowledge under 'Course Prerequisites' is malformed, starting with item '3' without items '1' or '2'. | [struc] The grading breakdown and grading scale under 'Grading Policy' are presented as run-on sentences instead of a structured list or table. | [struc] The line 'Weeks Topic Project Due' under 'Course Schedule' is an orphaned header, indicating a malformed or incomplete table structure. | [metad] The 'Meeting Days' field under 'Course Information' is missing its value."
202641_ISEN_615_600_34728,14883,14847,3552,76.1,14,"College of Engineering; Industrial and Systems Engineering; Technology Support; University Policies; Academic Integrity Statement and Policy; University Attendance Policy; Makeup Work Policy; Notice of Nondiscrimination; Civil Rights, Free Speech, and Title IX Policies; Americans with Disabilities Act (ADA) Policy; Pregnancy Accommodations; Statement on Mental Health and Wellness; Statement on the Family Educational Rights and Privacy Act (FERPA); Free Speech and Civil Discourse",4,0,0,4,0,"[struc] The 'Credit Hours: 3' entry is duplicated under the 'Course Information' section. | [struc] The 'Textbook and/or Resource Materials' section is empty. | [struc] Textbook information (title, ISBN, authors, publisher, publication date, edition) is incorrectly placed within the 'Course Schedule' section. | [struc] Under 'Grading Policy', the exam details ('1. The first three exams...', '2. At the end of the course...', '3. The lowest exam grade...') are formatted as markdown heading levels (H1) instead of list items."
202641_ISEN_615_700_48504,14883,14847,3552,76.1,14,"College of Engineering; Industrial and Systems Engineering; Technology Support; University Policies; Academic Integrity Statement and Policy; University Attendance Policy; Makeup Work Policy; Notice of Nondiscrimination; Civil Rights, Free Speech, and Title IX Policies; Americans with Disabilities Act (ADA) Policy; Pregnancy Accommodations; Statement on Mental Health and Wellness; Statement on the Family Educational Rights and Privacy Act (FERPA); Free Speech and Civil Discourse",3,0,0,3,0,"[struc] The 'Credit Hours: 3' entry is duplicated under the 'Course Information' section. | [struc] The content for 'Textbook and/or Resource Materials' is misplaced within the 'Course Schedule' section, while its header '## Textbook and/or Resource Materials' is orphaned and empty above '## Grading Policy'. | [struc] The numbered list items describing exam rules under 'Grading Policy' are incorrectly formatted with '#' (e.g., '# 1.'), which renders them as H1 headers instead of list items."
202641_ISEN_620_601_52745,16393,16320,5033,69.3,14,"College of Engineering; Industrial and Systems Engineering; Technology Support; University Policies; Academic Integrity Statement and Policy; University Attendance Policy; Makeup Work Policy; Notice of Nondiscrimination; Civil Rights, Free Speech, and Title IX Policies; Americans with Disabilities Act (ADA) Policy; Pregnancy Accommodations; Statement on Mental Health and Wellness; Statement on the Family Educational Rights and Privacy Act (FERPA); Free Speech and Civil Discourse",3,0,0,3,0,"[struc] The header 'Textbook and/or Resource Materials' is empty; its content ('This material Is: Recommended Operations Research Authors: Wayne L. Winston, Jeffrey B. Goldberg') is incorrectly placed under the 'Grading' sub-section. | [struc] The assessment items (Midterm I, Midterm II, Final Exam, Part I, Final Exam, Part II) are incorrectly formatted with varying heading levels (#, ##, ###, ####) instead of consistent sub-sections or list items under 'Assessments'. | [struc] The header '##### Course Schedule' appears three times consecutively, indicating duplicate headers."
202641_ISEN_620_700_14035,23038,22955,11399,50.5,15,"College of Engineering; Industrial and Systems Engineering; AI Statement; Technology Support; University Policies; Academic Integrity Statement and Policy; University Attendance Policy; Makeup Work Policy; Notice of Nondiscrimination; Civil Rights, Free Speech, and Title IX Policies; Americans with Disabilities Act (ADA) Policy; Pregnancy Accommodations; Statement on Mental Health and Wellness; Statement on the Family Educational Rights and Privacy Act (FERPA); Free Speech and Civil Discourse",2,0,0,2,0,"[struc] The URL for the 'Course Handbook' in the 'Textbook and/or Resource Materials' section is malformed due to a space: 'https://drive.google.com/file/d/1ULY4o93XGDNIccGuR Lt2pSvKv14pgo8u/view?usp=sharing' | [struc] The header '### Course Schedule' is duplicated, appearing in the middle of the course schedule content, breaking the flow of the schedule."
202641_ISEN_622_600_19843,15440,15422,3854,75.0,15,"College of Engineering; Industrial and Systems Engineering; AI Statement; Technology Support; University Policies; Academic Integrity Statement and Policy; University Attendance Policy; Makeup Work Policy; Notice of Nondiscrimination; Civil Rights, Free Speech, and Title IX Policies; Americans with Disabilities Act (ADA) Policy; Pregnancy Accommodations; Statement on Mental Health and Wellness; Statement on the Family Educational Rights and Privacy Act (FERPA); Free Speech and Civil Discourse",1,0,0,1,0,"[struc] The URL for the resource in 'Textbook and/or Resource Materials' is broken across two lines, making it invalid: 'https://drive.google.com/file/d/13qVYKm_5vPzPGScfrdH4jhPD9BFOyRfg/view?usp=sharing'"
202641_ISEN_622_700_62869,15434,15416,3848,75.1,15,"College of Engineering; Industrial and Systems Engineering; AI Statement; Technology Support; University Policies; Academic Integrity Statement and Policy; University Attendance Policy; Makeup Work Policy; Notice of Nondiscrimination; Civil Rights, Free Speech, and Title IX Policies; Americans with Disabilities Act (ADA) Policy; Pregnancy Accommodations; Statement on Mental Health and Wellness; Statement on the Family Educational Rights and Privacy Act (FERPA); Free Speech and Civil Discourse",5,0,0,1,4,"[struc] URL for Resource in 'Textbook and/or Resource Materials' is broken across two lines, potentially causing a malformed link. | [metad] Meeting Days is missing (empty field). | [metad] Meeting Start Time is N/A. | [metad] Meeting End Time is N/A. | [metad] Instructor Office Hours is TBA."
202641_ISEN_625_601_52030,20503,20447,7546,63.2,16,"College of Engineering; Industrial and Systems Engineering; AI Statement; Technology Support; Learning Resources; University Policies; Academic Integrity Statement and Policy; University Attendance Policy; Makeup Work Policy; Notice of Nondiscrimination; Civil Rights, Free Speech, and Title IX Policies; Americans with Disabilities Act (ADA) Policy; Pregnancy Accommodations; Statement on Mental Health and Wellness; Statement on the Family Educational Rights and Privacy Act (FERPA); Free Speech and Civil Discourse",1,0,0,1,0,"[struc] The '### Weekly Topics' header appears mid-way through the 'Course Schedule' section, disrupting the flow and acting as an orphaned header."
202641_ISEN_625_700_48681,20590,20534,7633,62.9,16,"College of Engineering; Industrial and Systems Engineering; AI Statement; Technology Support; Learning Resources; University Policies; Academic Integrity Statement and Policy; University Attendance Policy; Makeup Work Policy; Notice of Nondiscrimination; Civil Rights, Free Speech, and Title IX Policies; Americans with Disabilities Act (ADA) Policy; Pregnancy Accommodations; Statement on Mental Health and Wellness; Statement on the Family Educational Rights and Privacy Act (FERPA); Free Speech and Civil Discourse",4,0,1,3,0,"[strip] Section 'Late Work Policy' is boilerplate and should be removed | [struc] The descriptive text under 'Additional Course Details' is identical to the descriptive text under 'Course Prerequisites', leading to redundant information. | [struc] The 'Course Schedule' section is not formatted as a markdown table; it uses spaces for alignment instead of markdown table syntax. | [struc] The 'Course Schedule' is split into two parts by an orphaned header '### Weekly Topics', breaking the continuity of the schedule."
202641_ISEN_627_600_64830,16112,16044,4225,73.8,14,"College of Engineering; Industrial and Systems Engineering; Technology Support; University Policies; Academic Integrity Statement and Policy; University Attendance Policy; Makeup Work Policy; Notice of Nondiscrimination; Civil Rights, Free Speech, and Title IX Policies; Americans with Disabilities Act (ADA) Policy; Pregnancy Accommodations; Statement on Mental Health and Wellness; Statement on the Family Educational Rights and Privacy Act (FERPA); Free Speech and Civil Discourse",2,0,0,2,0,[struc] The content for 'Textbook and/or Resource Materials' (starting with 'This material Is: Required') is separated from its '## Textbook and/or Resource Materials' header by the '## Grading Policy' and '## Late Work Policy' sections. | [struc] The heading '# E-mail is the primary method of communication.' is an H1 heading incorrectly nested under the H2 heading '## Additional Course Information'.
202641_ISEN_630_600_21978,24038,23909,11821,50.8,15,"College of Engineering; Industrial and Systems Engineering; AI Statement; Technology Support; University Policies; Academic Integrity Statement and Policy; University Attendance Policy; Makeup Work Policy; Notice of Nondiscrimination; Civil Rights, Free Speech, and Title IX Policies; Americans with Disabilities Act (ADA) Policy; Pregnancy Accommodations; Statement on Mental Health and Wellness; Statement on the Family Educational Rights and Privacy Act (FERPA); Free Speech and Civil Discourse",5,0,0,5,0,"[struc] The 'Credit Hours: 3' line is duplicated immediately after itself in the 'Course Information' section. | [struc] The 'Exams' section refers to an 'Academic Integrity and Misconduct Policy section below' which is missing from the document. | [struc] The 'Re-grading Policy' section is duplicated, appearing once under 'Grading Policy' and again under 'Additional Course Information'. | [struc] The header 'Schedule of Topics' is duplicated immediately after itself under 'Course Schedule'. | [struc] The 'Course Schedule' content is not formatted as a proper markdown table; it appears as unformatted text with manual spacing."
202641_ISEN_630_700_51764,24038,23909,11821,50.8,15,"College of Engineering; Industrial and Systems Engineering; AI Statement; Technology Support; University Policies; Academic Integrity Statement and Policy; University Attendance Policy; Makeup Work Policy; Notice of Nondiscrimination; Civil Rights, Free Speech, and Title IX Policies; Americans with Disabilities Act (ADA) Policy; Pregnancy Accommodations; Statement on Mental Health and Wellness; Statement on the Family Educational Rights and Privacy Act (FERPA); Free Speech and Civil Discourse",5,0,0,5,0,"[struc] The 'Credit Hours: 3' line is duplicated immediately after itself in the 'Course Information' section. | [struc] The 'Exams' section refers to an 'Academic Integrity and Misconduct Policy section below' which is missing from the document. | [struc] The 'Re-grading Policy' section is duplicated, appearing once under 'Grading Policy' and again under 'Additional Course Information'. | [struc] The header 'Schedule of Topics' is duplicated immediately after itself under 'Course Schedule'. | [struc] The 'Course Schedule' content is not formatted as a proper markdown table; it appears as unformatted text with manual spacing."
202641_ISEN_635_600_63276,22295,22247,10237,54.1,15,"College of Engineering; Industrial and Systems Engineering; AI Statement; Technology Support; University Policies; Academic Integrity Statement and Policy; University Attendance Policy; Makeup Work Policy; Notice of Nondiscrimination; Civil Rights, Free Speech, and Title IX Policies; Americans with Disabilities Act (ADA) Policy; Pregnancy Accommodations; Statement on Mental Health and Wellness; Statement on the Family Educational Rights and Privacy Act (FERPA); Free Speech and Civil Discourse",5,0,0,5,0,"[struc] Duplicate 'Credit Hours: 3' entry under 'Course Information'. | [struc] Markdown heading levels (# A., # B., # 1.) are incorrectly used for list items within the 'Homework' section, breaking the intended list structure. | [struc] Duplicate 'Schedule of Topics' text at the beginning of the 'Course Schedule' section. | [struc] The 'Course Schedule' is presented as plain text with line breaks instead of a properly formatted table, making columns misaligned and hard to read. | [struc] The 'Re-grading Policy' section is duplicated, appearing once as a top-level section and again under 'Additional Course Information'."
202641_ISEN_640_600_55318,15407,15370,4085,73.5,14,"College of Engineering; Industrial and Systems Engineering; Technology Support; University Policies; Academic Integrity Statement and Policy; University Attendance Policy; Makeup Work Policy; Notice of Nondiscrimination; Civil Rights, Free Speech, and Title IX Policies; Americans with Disabilities Act (ADA) Policy; Pregnancy Accommodations; Statement on Mental Health and Wellness; Statement on the Family Educational Rights and Privacy Act (FERPA); Free Speech and Civil Discourse",3,1,0,2,0,"[conte] The 'Late Work Policy' section is missing the actual course-specific late work policy details, such as penalties for unexcused late submissions. It only describes an exemption. | [struc] Inconsistent heading levels for Course Learning Outcomes: LO 1 and LO 2 use H1 ('#'), LO 3, LO 4, and LO 7 use H2 ('##'), and LO 5 and LO 6 use H3 ('###'). All learning outcomes should use a consistent heading level, likely H2 or H3, under the '## Course Learning Outcomes' header. | [struc] The 'Course Schedule' section is not formatted as a table; it appears as plain text with columns misaligned, indicating a broken table structure."
202641_ISEN_640_700_20022,15404,15367,4082,73.5,14,"College of Engineering; Industrial and Systems Engineering; Technology Support; University Policies; Academic Integrity Statement and Policy; University Attendance Policy; Makeup Work Policy; Notice of Nondiscrimination; Civil Rights, Free Speech, and Title IX Policies; Americans with Disabilities Act (ADA) Policy; Pregnancy Accommodations; Statement on Mental Health and Wellness; Statement on the Family Educational Rights and Privacy Act (FERPA); Free Speech and Civil Discourse",3,0,0,2,1,"[struc] In the 'Course Learning Outcomes' section, the learning outcomes (LO 1 through LO 7) are incorrectly formatted as headings of varying levels (H1, H2, H3) instead of consistent list items. | [struc] The 'Course Schedule' section is not formatted as a table; the header 'Week Topic Reading' and subsequent data rows are plain text. | [metad] The 'Meeting Days' field under 'Course Information' is present but has no value."
202641_ISEN_645_601_63758,21855,21711,8613,60.6,3,College of Engineering; Industrial and Systems Engineering; AI Statement,9,0,4,5,0,"[strip] Section '1. The time, date, and the exact AI technology (also termed AI-bot (for AIChatbot) below) used' is boilerplate and should be removed | [strip] Section '2. The full specification of the prompt that was used; including the progression of prompts used to generate the result' is boilerplate and should be removed | [strip] Section '3. The full response provided by the AI-bot' is boilerplate and should be removed | [strip] Section '4. A discussion of how and where you leveraged the AI generated material in the course artifact being produced' is boilerplate and should be removed | [struc] Course Learning Outcome '1. Represent a PS of interest using SE architectures, lean methods, and tools.' is misplaced at the very end of the document instead of under '## Course Learning Outcomes'. | [struc] Orphaned list item markers '1:' and '2:' appear under the 'Late Work Policy' section. | [struc] The 'Course Schedule' section is not formatted as a table; the initial headers 'OV', 'Topical outline', 'Class', 'Core Topic / Theme', 'Technical focus' are not aligned with the subsequent schedule entries. | [struc] Orphaned list item markers '3:' through '14:' appear within the 'Course Schedule' section, disrupting its flow. | [struc] Inconsistent heading levels for the AI-related sections at the end of the document (e.g., '### 3. The full response provided by the AI-bot' follows '## 2. The full specification of the prompt that was used; including the progression of prompts used to generate the result')."
202641_ISEN_645_700_55965,21864,21720,8622,60.6,3,College of Engineering; Industrial and Systems Engineering; AI Statement,5,1,0,3,1,"[conte] The first learning outcome, ""Represent a PS of interest using SE architectures, lean methods, and tools."", is misplaced at the very end of the document instead of being under the ""Course Learning Outcomes"" section. | [struc] In the ""Course Learning Outcomes"" section, the outcomes are formatted as level 1 headings (#) instead of list items or sub-headings. | [struc] The ""Course Schedule"" table is malformed; the first column contains a mix of dates, a holiday note, and then numbered entries (3:, 4:, etc.) that are not dates or class numbers. | [struc] The section at the end of the document (starting with ""## 1. The time, date..."") is a collection of orphaned headings and list items, completely out of context and with inconsistent heading levels and numbering. | [metad] The ""Meeting Days"" field under ""Course Information"" is empty."
202641_ISEN_658_600_50176,15790,15729,4284,72.9,14,"College of Engineering; Industrial and Systems Engineering; Technology Support; University Policies; Academic Integrity Statement and Policy; University Attendance Policy; Makeup Work Policy; Notice of Nondiscrimination; Civil Rights, Free Speech, and Title IX Policies; Americans with Disabilities Act (ADA) Policy; Pregnancy Accommodations; Statement on Mental Health and Wellness; Statement on the Family Educational Rights and Privacy Act (FERPA); Free Speech and Civil Discourse",2,0,0,2,0,"[struc] Redundant header: '### Course schedule' immediately follows '## Course Schedule'. | [struc] The Course Schedule content, which appears to be a table, has lost its tabular structure. 'Topics' and 'Timeline' headers are repeated, and the data is flattened into a list rather than aligned columns."
202641_ISEN_660_600_63233,22670,22546,11874,47.6,13,"College of Engineering; Industrial and Systems Engineering; Technology Support; University Policies; Academic Integrity Statement and Policy; University Attendance Policy; Makeup Work Policy; Notice of Nondiscrimination; Civil Rights, Free Speech, and Title IX Policies; Americans with Disabilities Act (ADA) Policy; Pregnancy Accommodations; Statement on Mental Health and Wellness; Statement on the Family Educational Rights and Privacy Act (FERPA)",6,0,0,6,0,"[struc] The header ""Webpage: https://safe.engr.tamu.edu/ Biography"" is malformed, combining a webpage link and a section title. | [struc] The 'Course grading components' section contains text that appears to be a malformed table, lacking proper markdown table formatting. | [struc] The 'Grading scale' section contains text that appears to be a malformed table, lacking proper markdown table formatting. | [struc] The header ""URL for Resource: https://education.wiley.com Notes:"" is malformed, combining a URL and a section title. | [struc] The 'Course topics' section is presented as a single-column list under a 'Topics' header, which is structurally unusual for a table and could be better formatted as an unordered list. | [struc] The 'Course Schedule' section contains text that appears to be a malformed table, lacking proper markdown table formatting. Additionally, rows for 'Exam 1' and 'Exam 2' are missing values in the 'Week' column."
202641_ISEN_660_700_63232,24339,24202,13530,44.4,13,"College of Engineering; Industrial and Systems Engineering; Technology Support; University Policies; Academic Integrity Statement and Policy; University Attendance Policy; Makeup Work Policy; Notice of Nondiscrimination; Civil Rights, Free Speech, and Title IX Policies; Americans with Disabilities Act (ADA) Policy; Pregnancy Accommodations; Statement on Mental Health and Wellness; Statement on the Family Educational Rights and Privacy Act (FERPA)",2,0,0,2,0,[struc] The header '### Webpage: https://safe.engr.tamu.edu/ Biography' is malformed; 'Biography' appears to be incorrectly appended to the 'Webpage' header. | [struc] The table under '### Course topics' has a redundant header row 'Topics Topics'.
202641_ISEN_661_600_65051,14087,14065,2498,82.3,15,"College of Engineering; Industrial and Systems Engineering; AI Statement; Technology Support; University Policies; Academic Integrity Statement and Policy; University Attendance Policy; Makeup Work Policy; Notice of Nondiscrimination; Civil Rights, Free Speech, and Title IX Policies; Americans with Disabilities Act (ADA) Policy; Pregnancy Accommodations; Statement on Mental Health and Wellness; Statement on the Family Educational Rights and Privacy Act (FERPA); Free Speech and Civil Discourse",1,1,0,0,0,[conte] The general late work policy for unexcused submissions is missing from the 'Late Work Policy' section. The current text only addresses makeup work for excused absences.
202641_ISEN_663_600_63016,15479,15408,3555,77.0,15,"College of Engineering; Industrial and Systems Engineering; AI Statement; Technology Support; University Policies; Academic Integrity Statement and Policy; University Attendance Policy; Makeup Work Policy; Notice of Nondiscrimination; Civil Rights, Free Speech, and Title IX Policies; Americans with Disabilities Act (ADA) Policy; Pregnancy Accommodations; Statement on Mental Health and Wellness; Statement on the Family Educational Rights and Privacy Act (FERPA); Free Speech and Civil Discourse",1,0,0,1,0,"[struc] The table in the 'Course Schedule' section is broken, with the headers 'Week', 'Topic', 'Notes' repeated mid-table, indicating it was split or rendered incorrectly."
202641_ISEN_663_700_62896,15476,15405,3552,77.0,15,"College of Engineering; Industrial and Systems Engineering; AI Statement; Technology Support; University Policies; Academic Integrity Statement and Policy; University Attendance Policy; Makeup Work Policy; Notice of Nondiscrimination; Civil Rights, Free Speech, and Title IX Policies; Americans with Disabilities Act (ADA) Policy; Pregnancy Accommodations; Statement on Mental Health and Wellness; Statement on the Family Educational Rights and Privacy Act (FERPA); Free Speech and Civil Discourse",4,0,0,3,1,[struc] The table under 'Grading Policy' is not formatted as a proper markdown table (missing `|` and `---` delimiters). | [struc] The table under 'Course Schedule' is not formatted as a proper markdown table (missing `|` and `---` delimiters). | [struc] The table under 'Course Schedule' has a repeated header row 'Week Topic Notes' in the middle of the table. | [metad] The 'Meeting Days' field under 'Course Information' is empty.
202641_ISEN_667_600_62094,28151,28137,28003,0.5,2,College of Engineering; Industrial and Systems Engineering,21,0,12,8,1,"[strip] Section 'University Policies' is boilerplate and should be removed | [strip] Section 'Academic Integrity Statement and Policy' is boilerplate and should be removed | [strip] Section 'University Attendance Policy' is boilerplate and should be removed | [strip] Section 'Makeup Work Policy' is boilerplate and should be removed | [strip] Section 'Notice of Nondiscrimination' is boilerplate and should be removed | [strip] Section 'Civil Rights, Free Speech, and Title IX Policies' is boilerplate and should be removed | [strip] Section 'Americans with Disabilities Act (ADA) Policy' is boilerplate and should be removed | [strip] Section 'Pregnancy Accommodations' is boilerplate and should be removed | [strip] Section 'Statement on Mental Health and Wellness' is boilerplate and should be removed | [strip] Section 'Texas A&M College Station' (under Mental Health) is boilerplate and should be removed | [strip] Section 'Statement on the Family Educational Rights and Privacy Act (FERPA)' is boilerplate and should be removed | [strip] Section 'Free Speech and Civil Discourse' is boilerplate and should be removed | [struc] The text 'Credit Hours: 3' is duplicated under 'Course Information' | [struc] The 'Office Hours' header is orphaned with no content following it | [struc] Instructor email, office location, and phone number are duplicated under 'Instructor Details' | [struc] The header 'Course Learning Outcomes' is duplicated (H2 and H3) | [struc] Numbered learning outcomes under 'Course Learning Outcomes' are incorrectly parsed as H1, H2, H3, and H4 headings instead of list items | [struc] The learning outcome '### 1. State and understand the meaning of rate of return (R O R)' is orphaned at the end of the document and belongs to Chapter 7 | [struc] The statement '### All quizzes and exams are closed book and closed notes' is incorrectly formatted as a header | [struc] The 'Course Specific Makeup Work Policy' section is a duplicate of the 'Makeup Policy' section under 'Late Work Policy' | [metad] The ISBN '978-1-264-IS809-6' is malformed"
202641_ISEN_667_700_47617,27792,27778,27644,0.5,2,College of Engineering; Industrial and Systems Engineering,18,0,10,8,0,"[strip] Academic Integrity Statement and Policy | [strip] University Attendance Policy | [strip] Makeup Work Policy | [strip] Notice of Nondiscrimination | [strip] Civil Rights, Free Speech, and Title IX Policies | [strip] Americans with Disabilities Act (ADA) Policy | [strip] Pregnancy Accommodations | [strip] Statement on Mental Health and Wellness | [strip] Statement on the Family Educational Rights and Privacy Act (FERPA) | [strip] Free Speech and Civil Discourse | [struc] The 'Credit Hours: 3' information is duplicated within the 'Course Information' section. | [struc] Instructor's 'Email', 'Office Location', and 'Phone' are duplicated within the 'Instructor Details' section. | [struc] The 'Office Hours' header in 'Instructor Details' is orphaned with no content following it. | [struc] All numbered learning outcomes (e.g., '# 1. Define engineering economics...') are incorrectly formatted as headers (H1, H2, H3, H4) instead of list items under 'Course Learning Outcomes'. | [struc] The item '### 1. State and understand the meaning of rate of return (R O R)' is misplaced at the end of the document and incorrectly formatted as a header. | [struc] The section 'Course Specific Makeup Work Policy' is a duplicate of the earlier 'Makeup Policy' section. | [struc] Numbered items under 'Makeup Policy' (e.g., '# 1. Participation in an activity...') are incorrectly formatted as headers (H1, H2, H3, H4) instead of list items. | [struc] Lettered items under 'Makeup Policy' (e.g., 'a. An absence for a non-acute medical service...') are incorrectly formatted as headers (H4) instead of list items."
202641_ISEN_681_600_11620,13000,12982,1645,87.3,14,"College of Engineering; Industrial and Systems Engineering; Technology Support; University Policies; Academic Integrity Statement and Policy; University Attendance Policy; Makeup Work Policy; Notice of Nondiscrimination; Civil Rights, Free Speech, and Title IX Policies; Americans with Disabilities Act (ADA) Policy; Pregnancy Accommodations; Statement on Mental Health and Wellness; Statement on the Family Educational Rights and Privacy Act (FERPA); Free Speech and Civil Discourse",2,2,0,0,0,"[conte] The 'Textbook and/or Resource Materials' section contains contradictory information: 'This material Is: Required' followed by 'No materials are required.' | [conte] The 'Course Schedule' section states that speakers are 'listed under Assignments', but the 'Assignments' section containing this list is missing."
202641_ISEN_684_607_18594,12652,12630,1297,89.7,14,"College of Engineering; Industrial and Systems Engineering; Technology Support; University Policies; Academic Integrity Statement and Policy; University Attendance Policy; Makeup Work Policy; Notice of Nondiscrimination; Civil Rights, Free Speech, and Title IX Policies; Americans with Disabilities Act (ADA) Policy; Pregnancy Accommodations; Statement on Mental Health and Wellness; Statement on the Family Educational Rights and Privacy Act (FERPA); Free Speech and Civil Discourse",3,1,0,2,0,[conte] Specific learning outcomes are missing under the 'Course Learning Outcomes' section. | [struc] The 'Credit Hours' information is duplicated: 'Credit Hours: 1 TO 16' appears twice. | [struc] Redundant statements in 'Textbook and/or Resource Materials': 'This material Is: No required textbook' and 'No textbook needed.'
202641_ISEN_684_699_64267,12652,12630,1297,89.7,14,"College of Engineering; Industrial and Systems Engineering; Technology Support; University Policies; Academic Integrity Statement and Policy; University Attendance Policy; Makeup Work Policy; Notice of Nondiscrimination; Civil Rights, Free Speech, and Title IX Policies; Americans with Disabilities Act (ADA) Policy; Pregnancy Accommodations; Statement on Mental Health and Wellness; Statement on the Family Educational Rights and Privacy Act (FERPA); Free Speech and Civil Discourse",2,1,0,1,0,"[conte] The actual learning outcomes are missing from the 'Course Learning Outcomes' section, which only contains an introductory sentence. | [struc] The 'Credit Hours' information is duplicated under the 'Course Information' section."
202641_ISEN_689_600_66698,20035,19930,7612,62.0,15,"College of Engineering; Industrial and Systems Engineering; AI Statement; Technology Support; University Policies; Academic Integrity Statement and Policy; University Attendance Policy; Makeup Work Policy; Notice of Nondiscrimination; Civil Rights, Free Speech, and Title IX Policies; Americans with Disabilities Act (ADA) Policy; Pregnancy Accommodations; Statement on Mental Health and Wellness; Statement on the Family Educational Rights and Privacy Act (FERPA); Free Speech and Civil Discourse",3,0,1,2,0,"[strip] Section 'Course Material and Copyright' is boilerplate and should be removed | [struc] The 'Textbook and/or Resource Materials' section is empty, and its intended content (textbook details including ISBN, Authors, Publisher, Edition) is incorrectly placed under the 'Research Report' subsection of 'Grading Policy'. | [struc] The course schedule table is broken into multiple segments, with headers repeated unnecessarily. It should be a single continuous table."
202641_ISEN_689_601_66715,14936,14851,3518,76.4,14,"College of Engineering; Industrial and Systems Engineering; Technology Support; University Policies; Academic Integrity Statement and Policy; University Attendance Policy; Makeup Work Policy; Notice of Nondiscrimination; Civil Rights, Free Speech, and Title IX Policies; Americans with Disabilities Act (ADA) Policy; Pregnancy Accommodations; Statement on Mental Health and Wellness; Statement on the Family Educational Rights and Privacy Act (FERPA); Free Speech and Civil Discourse",1,0,0,1,0,"[struc] The table under 'Syllabus weeks 9 to 14' is missing the 'Assignments due' column header, despite having data for that column (e.g., 'Hw7', 'Hw8')."
202641_ISEN_689_602_66862,16779,16730,4503,73.2,15,"College of Engineering; Industrial and Systems Engineering; AI Statement; Technology Support; University Policies; Academic Integrity Statement and Policy; University Attendance Policy; Makeup Work Policy; Notice of Nondiscrimination; Civil Rights, Free Speech, and Title IX Policies; Americans with Disabilities Act (ADA) Policy; Pregnancy Accommodations; Statement on Mental Health and Wellness; Statement on the Family Educational Rights and Privacy Act (FERPA); Free Speech and Civil Discourse",1,0,0,1,0,"[struc] The 'Course Schedule' section contains a broken table: the header is duplicated/malformed ('Week Topic Tentative course outline Notes' followed by 'Week Topic Notes'), and the subsequent content is not aligned into columns, making the schedule unreadable as a table."
202641_ISEN_691_603_15312,12504,12486,1147,90.8,14,"College of Engineering; Industrial and Systems Engineering; Technology Support; University Policies; Academic Integrity Statement and Policy; University Attendance Policy; Makeup Work Policy; Notice of Nondiscrimination; Civil Rights, Free Speech, and Title IX Policies; Americans with Disabilities Act (ADA) Policy; Pregnancy Accommodations; Statement on Mental Health and Wellness; Statement on the Family Educational Rights and Privacy Act (FERPA); Free Speech and Civil Discourse",1,0,0,1,0,[struc] The 'Credit Hours' line is duplicated under the 'Course Information' section.
202641_ISEN_691_607_22622,15858,15827,4556,71.3,14,"College of Engineering; Industrial and Systems Engineering; Technology Support; University Policies; Academic Integrity Statement and Policy; University Attendance Policy; Makeup Work Policy; Notice of Nondiscrimination; Civil Rights, Free Speech, and Title IX Policies; Americans with Disabilities Act (ADA) Policy; Pregnancy Accommodations; Statement on Mental Health and Wellness; Statement on the Family Educational Rights and Privacy Act (FERPA); Free Speech and Civil Discourse",5,0,0,5,0,"[struc] Duplicate header '### Grading Policy' immediately follows '## Grading Policy'. | [struc] Heading '## Grading Appeals:' is at level 2, but should be level 3 as a sub-section of Grading Policy. | [struc] Heading '## Late Work Policy' is at level 2, but should be level 3 as a sub-section of Grading Policy. | [struc] Items under 'Expected Outcomes/Deliverables' are incorrectly formatted with '#' (e.g., '# 1. Midterm deliverable') instead of standard numbered list formatting. | [struc] The 'Course Schedule' section is not formatted as a table, making the 'Week' and 'Tasks' columns difficult to distinguish."
202641_ISEN_691_609_18671,12694,12672,1335,89.5,14,"College of Engineering; Industrial and Systems Engineering; Technology Support; University Policies; Academic Integrity Statement and Policy; University Attendance Policy; Makeup Work Policy; Notice of Nondiscrimination; Civil Rights, Free Speech, and Title IX Policies; Americans with Disabilities Act (ADA) Policy; Pregnancy Accommodations; Statement on Mental Health and Wellness; Statement on the Family Educational Rights and Privacy Act (FERPA); Free Speech and Civil Discourse",4,1,0,3,0,"[conte] The list of Course Learning Outcomes is missing after the introductory sentence. | [struc] The line 'Credit Hours: 1 TO 23' is duplicated. | [struc] The header '### Grading Policy' appears twice consecutively. | [struc] List items under 'Grading Policy' have an extraneous hyphen at the beginning (e.g., '- -Weekly participation: 15%')."
202641_ISEN_691_615_43336,12763,12749,1364,89.3,14,"College of Engineering; Industrial and Systems Engineering; Technology Support; University Policies; Academic Integrity Statement and Policy; University Attendance Policy; Makeup Work Policy; Notice of Nondiscrimination; Civil Rights, Free Speech, and Title IX Policies; Americans with Disabilities Act (ADA) Policy; Pregnancy Accommodations; Statement on Mental Health and Wellness; Statement on the Family Educational Rights and Privacy Act (FERPA); Free Speech and Civil Discourse",2,1,0,0,1,[conte] The list of specific Course Learning Outcomes is missing from the 'Course Learning Outcomes' section. | [metad] Meeting Days field is present but its value is empty.
202641_ISEN_691_620_62903,12307,12289,1413,88.5,13,"College of Engineering; Industrial and Systems Engineering; University Policies; Academic Integrity Statement and Policy; University Attendance Policy; Makeup Work Policy; Notice of Nondiscrimination; Civil Rights, Free Speech, and Title IX Policies; Americans with Disabilities Act (ADA) Policy; Pregnancy Accommodations; Statement on Mental Health and Wellness; Statement on the Family Educational Rights and Privacy Act (FERPA); Free Speech and Civil Discourse",0,0,0,0,0,
202641_ISEN_691_632_26707,12298,12276,1399,88.6,13,"College of Engineering; Industrial and Systems Engineering; University Policies; Academic Integrity Statement and Policy; University Attendance Policy; Makeup Work Policy; Notice of Nondiscrimination; Civil Rights, Free Speech, and Title IX Policies; Americans with Disabilities Act (ADA) Policy; Pregnancy Accommodations; Statement on Mental Health and Wellness; Statement on the Family Educational Rights and Privacy Act (FERPA); Free Speech and Civil Discourse",2,0,0,2,0,"[struc] The 'Credit Hours: 1 TO 23' line is duplicated under the 'Course Information' section. | [struc] Bullet points under 'Grading Policy' have an extra hyphen (e.g., '- -Weekly participation in meetings: 10%')."
